Date,Price,Returns
2014-10-01,38.88016128540039,
2014-10-02,38.7615852355957,-0.0030497828682931605
2014-10-03,39.04109954833984,0.007211116651840266
2014-10-06,39.04109954833984,0.0
2014-10-07,38.566741943359375,-0.012150211199690286
2014-10-08,39.62556457519531,0.027454292960265247
2014-10-09,38.83780288696289,-0.019880137902831052
2014-10-10,37.29616165161133,-0.039694347279080056
2014-10-13,36.97427749633789,-0.008630490136765312
2014-10-14,37.04203796386719,0.001832638042379875
2014-10-15,36.61003875732422,-0.011662403860294157
2014-10-16,36.20344543457031,-0.011106060975490273
2014-10-17,36.95733642578125,0.020823736032898443
2014-10-20,37.338504791259766,0.010313740175620811
2014-10-21,38.01615905761719,0.018148939550360677
2014-10-22,37.59262847900391,-0.011140804045231767
2014-10-23,38.1347541809082,0.014421064018097951
2014-10-24,39.074981689453125,0.024655397123698686
2014-10-27,38.88864135742188,-0.004768788722978146
2014-10-28,39.37993240356445,0.01263327874139808
2014-10-29,39.49005126953125,0.002796319324225971
2014-10-30,39.00722885131836,-0.012226431789553405
2014-10-31,39.76958084106445,0.01954386436042177
2014-11-03,40.18463516235352,0.010436477139344147
2014-11-04,40.29475402832031,0.0027403226512294765
2014-11-05,40.5404052734375,0.0060963579761408315
2014-11-06,41.25193405151367,0.017551101753350506
2014-11-07,41.23500442504883,-0.0004103959451623451
2014-11-10,41.41287612915039,0.004313609434064114
2014-11-11,41.39592361450195,-0.00040935371394079656
2014-11-12,41.3197021484375,-0.0018412795127912274
2014-11-13,42.022762298583984,0.01701513112608599
2014-11-14,41.997352600097656,-0.0006046651171045525
2014-11-17,41.89571762084961,-0.002420033001027999
2014-11-18,41.54622650146485,-0.00834192941979428
2014-11-19,41.10297393798828,-0.010668900663239334
2014-11-20,41.51211929321289,0.009954154554409733
2014-11-21,40.898380279541016,-0.014784574339287482
2014-11-24,40.56595993041992,-0.00812795878098338
2014-11-25,40.46366882324219,-0.002521599571492672
2014-11-26,40.70232772827149,0.005898103458483739
2014-11-28,40.75347900390625,0.0012567162245915586
2014-12-01,41.44393157958984,0.016942175062340192
2014-12-02,41.30754089355469,-0.0032909688062103815
2014-12-03,40.9836311340332,-0.007841419569278307
2014-12-04,41.63145065307617,0.015806786785786064
2014-12-05,41.2734489440918,-0.008599309016821932
2014-12-08,40.65972900390625,-0.014869606390706003
2014-12-09,40.56595993041992,-0.002306190321074708
2014-12-10,39.977787017822266,-0.014499174026856743
2014-12-11,40.20794677734375,0.005757191097618186
2014-12-12,40.02041244506836,-0.0046641111348929565
2014-12-15,39.78173828125,-0.00596381069650298
2014-12-16,38.494606018066406,-0.03235485222098122
2014-12-17,38.98899841308594,0.01284316028036514
2014-12-18,40.50627136230469,0.038915412320761344
2014-12-19,40.6256217956543,0.0029464680242250463
2014-12-22,40.898380279541016,0.006713952225979147
2014-12-23,41.29900741577149,0.009795672432311164
2014-12-24,41.03477478027344,-0.006398038404117901
2014-12-26,40.81314086914063,-0.00540112410314364
2014-12-29,40.44660949707031,-0.00898071954926305
2014-12-30,40.080074310302734,-0.0090621980760619
2014-12-31,39.594200134277344,-0.012122586706394767
2015-01-02,39.85844421386719,0.0066738077469352675
2015-01-05,39.49193954467773,-0.00919515742317778
2015-01-06,38.91228485107422,-0.014677797552782534
2015-01-07,39.40668487548828,0.012705499723448144
2015-01-08,40.56595993041992,0.02941823344426342
2015-01-09,40.22498321533203,-0.008405488633148162
2015-01-12,39.72207260131836,-0.012502444347123665
2015-01-13,39.51749420166016,-0.005150244845265384
2015-01-14,39.17652893066406,-0.00862821081863474
2015-01-15,38.76737976074219,-0.01044373202756177
2015-01-16,39.41520690917969,0.016710625077981822
2015-01-20,39.543060302734375,0.0032437580208390937
2015-01-21,39.1424446105957,-0.010131125134767771
2015-01-22,40.17384338378906,0.026349881399951203
2015-01-23,40.21646881103516,0.0010610243794424434
2015-01-26,40.07154083251953,-0.0036036972613534557
2015-01-27,36.36359024047852,-0.09253326712687504
2015-01-28,35.110557556152344,-0.034458442525604926
2015-01-29,35.80952835083008,0.019907709912036387
2015-01-30,34.43716049194336,-0.03832409758211486
2015-02-02,35.187278747558594,0.02178223305579241
2015-02-03,35.460052490234375,0.007752055640128486
2015-02-04,35.66461563110352,0.005768833560680253
2015-02-05,36.18458938598633,0.014579541814249364
2015-02-06,36.15049743652344,-0.0009421676476476515
2015-02-09,36.10787963867188,-0.0011788993478274445
2015-02-10,36.31244659423828,0.005665438059877292
2015-02-11,36.12492752075195,-0.005164044042024973
2015-02-12,36.73013305664063,0.016753128031634645
2015-02-13,37.39500427246094,0.018101519392674792
2015-02-17,37.41217803955078,0.00045925297841153956
2015-02-18,37.36924362182617,-0.0011476054048289441
2015-02-19,37.343505859375,-0.0006887418624694774
2015-02-20,37.65254592895508,0.008275604083447297
2015-02-23,37.9015007019043,0.006611897464223526
2015-02-24,37.84999847412109,-0.0013588440254193035
2015-02-25,37.76415252685547,-0.0022680568223618636
2015-02-26,37.82423782348633,0.0015910669937087007
2015-02-27,37.64396667480469,-0.00476602197572118
2015-03-02,37.66971969604492,0.0006841208170942359
2015-03-03,37.15463638305664,-0.01367366991696417
2015-03-04,36.965763092041016,-0.005083438014797936
2015-03-05,37.00868988037109,0.0011612580057711597
2015-03-06,36.364845275878906,-0.017397119610917833
2015-03-09,36.78548812866211,0.011567293895849984
2015-03-10,36.081539154052734,-0.01913659463066575
2015-03-11,36.03863906860352,-0.0011889760374702574
2015-03-12,35.2144889831543,-0.022868512983533207
2015-03-13,35.52353286743164,0.008776043418525337
2015-03-16,35.67806625366211,0.0043501694160645865
2015-03-17,35.79826354980469,0.0033689408862018766
2015-03-18,36.48503112792969,0.01918438242596676
2015-03-19,36.30475234985352,-0.004941171009119949
2015-03-20,36.81122589111328,0.013950612756673975
2015-03-23,36.794071197509766,-0.00046601799283341183
2015-03-24,36.828407287597656,0.0009331962723988507
2015-03-25,35.59221649169922,-0.033566230172401124
2015-03-26,35.37760162353516,-0.006029825881007089
2015-03-27,35.17156982421875,-0.005823792169657671
2015-03-30,35.16297149658203,-0.00024446812239808935
2015-03-31,34.90543746948242,-0.0073240120541190334
2015-04-01,34.95695114135742,0.0014758065106630358
2015-04-02,34.58780670166016,-0.010559972413055396
2015-04-06,35.66947937011719,0.03127323677349869
2015-04-07,35.65230941772461,-0.0004813625737123406
2015-04-08,35.557865142822266,-0.0026490366667633047
2015-04-09,35.609375,0.0014486206348676145
2015-04-10,35.8154182434082,0.0057862078008446005
2015-04-13,35.849761962890625,0.0009589087931074491
2015-04-14,35.755340576171875,-0.002633807912490127
2015-04-15,36.27898025512695,0.014645075966750687
2015-04-16,36.19314956665039,-0.0023658517376444754
2015-04-17,35.72957229614258,-0.012808425794890388
2015-04-20,36.83699798583984,0.030994652847182724
2015-04-21,36.60520935058594,-0.006292278087997261
2015-04-22,36.90567779541016,0.008208352039363875
2015-04-23,37.20615005493164,0.008141626911370325
2015-04-24,41.09502029418945,0.10452224251948228
2015-04-27,41.23237228393555,0.0033423025165293385
2015-04-28,42.20244598388672,0.023526992171855277
2015-04-29,42.116580963134766,-0.002034598202785176
2015-04-30,41.75605010986328,-0.008560306772932513
2015-05-01,41.773223876953125,0.0004112881138100821
2015-05-04,41.41265869140625,-0.008631490511935458
2015-05-05,40.86321258544922,-0.013267588300749478
2015-05-06,39.73004913330078,-0.02773065014844034
2015-05-07,40.090599060058594,0.009074993226112271
2015-05-08,40.99199676513672,0.02248401685711321
2015-05-11,40.6657829284668,-0.00795798844684148
2015-05-12,40.64861297607422,-0.0004222211194797598
2015-05-13,40.88898086547852,0.005913310979289266
2015-05-14,41.82471466064453,0.0228847424259484
2015-05-15,41.464149475097656,-0.008620864206066003
2015-05-18,41.21520614624024,-0.006003820939506355
2015-05-19,41.11152267456055,-0.0025156606353442523
2015-05-20,41.11152267456055,0.0
2015-05-21,40.97325897216797,-0.0033631374709002237
2015-05-22,40.52395248413086,-0.01096584697698344
2015-05-26,40.256107330322266,-0.0066095515710981045
2015-05-27,41.1374397277832,0.021893135126780816
2015-05-28,40.99918746948242,-0.0033607404645410455
2015-05-29,40.48939895629883,-0.012434112592183744
2015-06-01,40.80908584594727,0.007895570146484232
2015-06-02,40.54125213623047,-0.006563090159085294
2015-06-03,40.48076248168945,-0.0014920519558141443
2015-06-04,40.057376861572266,-0.01045893392716346
2015-06-05,39.86728286743164,-0.004745542744786779
2015-06-08,39.51301574707031,-0.008886161656397551
2015-06-09,39.44390106201172,-0.0017491624911905035
2015-06-10,40.27338790893555,0.021029533707118686
2015-06-11,40.126495361328125,-0.0036473849167983907
2015-06-12,39.72039413452149,-0.010120525681343584
2015-06-15,39.29701232910156,-0.010659053482351077
2015-06-16,39.59943008422852,0.007695693316181362
2015-06-17,39.72039413452149,0.003054691697220724
2015-06-18,40.368431091308594,0.01631496793794107
2015-06-19,39.83272171020508,-0.013270502881120305
2015-06-22,39.945045471191406,0.0028198866701480974
2015-06-23,39.66855239868164,-0.00692183646928568
2015-06-24,39.43524932861328,-0.0058813104073873745
2015-06-25,39.44390106201172,0.0002193908633958408
2015-06-26,39.106910705566406,-0.008543535182169548
2015-06-29,38.33790969848633,-0.01966406942419563
2015-06-30,38.14782333374024,-0.00495818280759297
2015-07-01,38.40704345703125,0.006795148468188961
2015-07-02,38.36382675170898,-0.0011252286412157808
2015-07-06,38.35519790649414,-0.00022492138937757478
2015-07-07,38.27741622924805,-0.002027930541141143
2015-07-08,38.2255973815918,-0.0013537707808150001
2015-07-09,38.467529296875,0.0063290551843595555
2015-07-10,38.545291900634766,0.0020215128234419844
2015-07-13,39.34885787963867,0.020847318553856242
2015-07-14,39.417964935302734,0.0017562658584766577
2015-07-15,39.538944244384766,0.003069141425251054
2015-07-16,40.31658554077149,0.019667730417388896
2015-07-17,40.28202438354492,-0.0008572441530698693
2015-07-20,40.54125213623047,0.006435320882022033
2015-07-21,40.85230255126953,0.007672442232268484
2015-07-22,39.34885787963867,-0.03680195675002751
2015-07-23,39.84137725830078,0.012516738863644905
2015-07-24,39.69447708129883,-0.003687125975830763
2015-07-27,39.1846809387207,-0.012842999330461069
2015-07-28,39.176048278808594,-0.00022030701042607959
2015-07-29,39.99689483642578,0.020952765622897385
2015-07-30,40.50667572021485,0.012745511517179287
2015-07-31,40.35115051269531,-0.0038394957066774094
2015-08-03,40.44620513916016,0.002355685655975215
2015-08-04,41.07695770263672,0.015594851514656893
2015-08-05,41.11152267456055,0.0008414686446365227
2015-08-06,40.28202438354492,-0.020176783467300563
2015-08-07,40.38570022583008,0.0025737495538458166
2015-08-10,40.8954963684082,0.012623184437249524
2015-08-11,40.1005859375,-0.01943760319589305
2015-08-12,40.38570022583008,0.007109978112899595
2015-08-13,40.377079010009766,-0.00021347199063292965
2015-08-14,40.61035537719727,0.0057774453454069175
2015-08-17,40.88686752319336,0.0068089073200119365
2015-08-18,41.11298370361328,0.00553028867500438
2015-08-19,40.53896713256836,-0.013961929282074292
2015-08-20,39.712703704833984,-0.02038195558935607
2015-08-21,37.46004104614258,-0.05672398120849187
2015-08-24,36.251102447509766,-0.03227275157396825
2015-08-25,35.19870376586914,-0.02903080487454024
2015-08-26,37.14693832397461,0.05534961091364399
2015-08-27,38.18194580078125,0.027862524436869984
2015-08-28,38.208045959472656,0.0006835732999985744
2015-08-31,37.85143280029297,-0.009333457135126677
2015-09-01,36.37285614013672,-0.039062633849485495
2015-09-02,37.7122802734375,0.03682482695723066
2015-09-03,37.83405685424805,0.0032290961969838605
2015-09-04,37.05995941162109,-0.02046033407437886
2015-09-08,38.17324447631836,0.03004010480238617
2015-09-09,37.46004104614258,-0.018683332788708373
2015-09-10,37.65138244628906,0.005107880151834054
2015-09-11,37.816654205322266,0.004389526978696434
2015-09-14,37.43396759033203,-0.010119525987478117
2015-09-15,38.25151824951172,0.021839807848496262
2015-09-16,38.52983093261719,0.007275859778690608
2015-09-17,38.486358642578125,-0.0011282761690568632
2015-09-18,37.816654205322266,-0.01740108601791579
2015-09-21,38.36458969116211,0.01448926398577921
2015-09-22,38.18194580078125,-0.004760741398543766
2015-09-23,38.155853271484375,-0.0006833734831905858
2015-09-24,38.19064331054688,0.0009117877358153503
2015-09-25,38.21673583984375,0.000683217852202711
2015-09-28,37.65138244628906,-0.014793345928965085
2015-09-29,37.78186798095703,0.0034656240007684413
2015-09-30,38.49506378173828,0.018876668595123824
2015-10-01,38.79946517944336,0.00790754366406543
2015-10-02,39.63442993164063,0.021520006740702424
2015-10-05,40.55636215209961,0.023260892664511035
2015-10-06,40.66073989868164,0.0025736466744867847
2015-10-07,40.70421600341797,0.0010692403739986922
2015-10-08,41.26955032348633,0.013888839426876354
2015-10-09,40.97384643554688,-0.00716518318279713
2015-10-12,40.87815856933594,-0.002335340089719584
2015-10-13,40.78247833251953,-0.0023406200319449066
2015-10-14,40.59984588623047,-0.004478208626753188
2015-10-15,40.88684844970703,0.007069055490525944
2015-10-16,41.32173538208008,0.010636352491387946
2015-10-19,41.41740798950195,0.0023153095226335907
2015-10-20,41.54786682128906,0.0031498550517738977
2015-10-21,41.05210494995117,-0.011932306259436198
2015-10-22,41.77400207519531,0.017584899145226318
2015-10-23,45.98358917236328,0.10077050050388991
2015-10-26,47.183841705322266,0.026101758356878113
2015-10-27,46.69677734375,-0.010322694040348246
2015-10-28,46.94900894165039,0.005401477623255158
2015-10-29,46.409767150878906,-0.01148569060193938
2015-10-30,45.78355407714844,-0.013493131126787183
2015-11-02,46.30538558959961,0.011397793879694307
2015-11-03,47.09687042236328,0.017092716596262214
2015-11-04,47.31429672241211,0.004616576390298555
2015-11-05,47.296905517578125,-0.00036756764949963383
2015-11-06,47.76657104492188,0.00993015340441672
2015-11-09,47.105567932128906,-0.013838194752797683
2015-11-10,46.54022216796875,-0.012001676000907624
2015-11-11,46.6619873046875,0.0026163419736005
2015-11-12,46.37496566772461,-0.00615108043060264
2015-11-13,45.95748901367188,-0.009002198665632122
2015-11-16,46.76634216308594,0.017600029217728297
2015-11-17,46.38109588623047,-0.008237682466420426
2015-11-18,47.15162658691406,0.016613033520675113
2015-11-19,47.23043441772461,0.001671370353794277
2015-11-20,47.449337005615234,0.004634778201584311
2015-11-23,47.449337005615234,0.0
2015-11-24,47.50187301635742,0.0011072022088731703
2015-11-25,47.011531829833984,-0.010322565309258125
2015-11-27,47.22168350219727,0.004470215374473785
2015-11-30,47.58942031860352,0.007787456717614383
2015-12-01,48.35121536254883,0.016007655458822878
2015-12-02,48.34244918823242,-0.00018130204692223817
2015-12-03,47.45808029174805,-0.0182938372245246
2015-12-04,48.95539093017578,0.03155017289412121
2015-12-07,48.867820739746094,-0.00178877522507348
2015-12-08,48.85031127929688,-0.0003583024612957564
2015-12-09,48.14106750488281,-0.014518715558618167
2015-12-10,48.39499282836914,0.005274609323122625
2015-12-11,47.33550643920898,-0.02189247951575457
2015-12-14,48.28116607666016,0.019977807540005
2015-12-15,48.33370971679688,0.0010882844058341945
2015-12-16,49.14801406860352,0.01684754504833008
2015-12-17,48.77151107788086,-0.007660594183869107
2015-12-18,47.39680099487305,-0.028186743708075945
2015-12-21,48.00971984863281,0.012931650256861493
2015-12-22,48.46504211425781,0.00948396006184904
2015-12-23,48.87657928466797,0.008491422940269944
2015-12-24,48.7452507019043,-0.002686943003903486
2015-12-28,48.99040603637695,0.005029317337434058
2015-12-29,49.51577377319336,0.010723890233248934
2015-12-30,49.30563735961914,-0.004243827725216365
2015-12-31,48.5788688659668,-0.014740068936773598
2016-01-04,47.98345947265625,-0.012256551196227594
2016-01-05,48.20236206054688,0.0045620426350330145
2016-01-06,47.32674026489258,-0.018165537086220707
2016-01-07,45.68060302734375,-0.03478239211775902
2016-01-08,45.82070159912109,0.003066915988247265
2016-01-11,45.79441833496094,-0.0005736111242926611
2016-01-12,46.2147216796875,0.009178047456619653
2016-01-13,45.21653366088867,-0.021598918754011542
2016-01-14,46.50366973876953,0.028466049333503163
2016-01-15,44.64739227294922,-0.03991679530342007
2016-01-19,44.27086639404297,-0.008433322972243973
2016-01-20,44.47226333618164,0.004549198119280007
2016-01-21,44.20082092285156,-0.006103633882497683
2016-01-22,45.785675048828125,0.035855762243483635
2016-01-25,45.34786605834961,-0.009562139031730199
2016-01-26,45.68060302734375,0.007337433884231803
2016-01-27,44.84878158569336,-0.01820951096360257
2016-01-28,45.58429336547852,0.016399816311170268
2016-01-29,48.23738861083984,0.058201960576415024
2016-02-01,47.90465545654297,-0.006897826849235678
2016-02-02,46.40736389160156,-0.03125565878038061
2016-02-03,45.67184829711914,-0.01584911386478316
2016-02-04,45.53173828125,-0.003067754450348792
2016-02-05,43.92062377929688,-0.035384427715042355
2016-02-08,43.26390838623047,-0.014952323909752208
2016-02-09,43.15008163452149,-0.0026309863337544703
2016-02-10,43.5265998840332,0.008725783017070388
2016-02-11,43.50908660888672,-0.0004023579878315031
2016-02-12,44.21832656860352,0.01630096182189078
2016-02-16,45.05613708496094,0.018947133041264497
2016-02-17,46.22905731201172,0.026032418732192752
2016-02-18,46.02622604370117,-0.004387527674241443
2016-02-19,45.69991683959961,-0.0070896363258576844
2016-02-22,46.431888580322266,0.016016916251549773
2016-02-23,45.13551712036133,-0.02791985205853409
2016-02-24,45.294246673583984,0.0035167327938079307
2016-02-25,45.94685363769531,0.01440816465752004
2016-02-26,45.2413444519043,-0.015354896580169974
2016-02-29,44.87094497680664,-0.008187189827911223
2016-03-01,46.37017059326172,0.033411946577679874
2016-03-02,46.69646835327149,0.007036803096367894
2016-03-03,46.16732025146485,-0.011331651417479605
2016-03-04,45.88511276245117,-0.006112711057877029
2016-03-07,45.003211975097656,-0.019219758528635333
2016-03-08,45.55000686645508,0.012150130343140608
2016-03-09,46.59946060180664,0.02303959554667867
2016-03-10,45.90275192260742,-0.014951003084619607
2016-03-11,46.80229187011719,0.01959664529539329
2016-03-14,46.890472412109375,0.0018841073474971104
2016-03-15,47.260887145996094,0.007899573513169722
2016-03-16,47.93112564086914,0.014181674008838963
2016-03-17,48.20451354980469,0.005703765669597294
2016-03-18,47.17268753051758,-0.02140517439764289
2016-03-21,47.49898910522461,0.006917171604775341
2016-03-22,47.68418502807617,0.0038989445110357845
2016-03-23,47.596004486083984,-0.0018492618032638353
2016-03-24,47.807655334472656,0.004446819657951684
2016-03-28,47.216796875,-0.012359076288909865
2016-03-29,48.24860382080078,0.021852540072388793
2016-03-30,48.5484504699707,0.0062146181531712585
2016-03-31,48.70719528198242,0.00326982242429974
2016-04-01,49.00703430175781,0.006155949198871413
2016-04-04,48.88357925415039,-0.0025191291284278883
2016-04-05,48.11631774902344,-0.0156956899808397
2016-04-06,48.61017990112305,0.010263922411428261
2016-04-07,48.02812194824219,-0.011973992979758763
2016-04-08,47.99285888671875,-0.0007342169565038859
2016-04-11,47.89585494995117,-0.002021216052091046
2016-04-12,48.195682525634766,0.006259990055442088
2016-04-13,48.81301498413086,0.012808874698843509
2016-04-14,48.82184982299805,0.00018099350900691036
2016-04-15,49.077579498291016,0.0052380169170178625
2016-04-18,49.79191970825195,0.014555326836887206
2016-04-19,49.73019027709961,-0.0012397479654135957
2016-04-20,49.02468490600586,-0.014186661405529155
2016-04-21,49.192230224609375,0.0034175705346142227
2016-04-22,45.664642333984375,-0.0717102655138464
2016-04-25,45.95568084716797,0.0063733886505665804
2016-04-26,45.36481475830078,-0.012857302470007936
2016-04-27,44.92384719848633,-0.009720475266214224
2016-04-28,44.00667572021485,-0.02041613832001421
2016-04-29,43.9802131652832,-0.0006013304685836829
2016-05-02,44.63282012939453,0.014838649409423033
2016-05-03,43.900840759277344,-0.016400025093532333
2016-05-04,43.9802131652832,0.001807992845537676
2016-05-05,44.04196548461914,0.0014040932249206328
2016-05-06,44.43880844116211,0.009010564178421054
2016-05-09,44.15660858154297,-0.006350302123711904
2016-05-10,44.994407653808594,0.018973356405270092
2016-05-11,45.02086639404297,0.0005880450841346807
2016-05-12,45.42653274536133,0.009010629599345954
2016-05-13,45.04731750488281,-0.00834787991864161
2016-05-16,45.7087516784668,0.014683097911707854
2016-05-17,44.85619354248047,-0.01865196717651696
2016-05-18,45.12261581420898,0.00593947570420128
2016-05-19,44.68746566772461,-0.00964372607022801
2016-05-20,44.95388412475586,0.005961816206186743
2016-05-23,44.42992782592773,-0.011655417747086116
2016-05-24,45.81529998779297,0.031181058121296124
2016-05-25,46.28598785400391,0.01027359564024155
2016-05-26,46.08172225952149,-0.004413119476389227
2016-05-27,46.46358871459961,0.00828672272549924
2016-05-31,47.06748580932617,0.012997211610923376
2016-06-01,46.934268951416016,-0.0028303372406554006
2016-06-02,46.60568618774414,-0.007000913639711892
2016-06-03,45.99293518066406,-0.013147558961189909
2016-06-06,46.29486083984375,0.006564609499126295
2016-06-07,46.26822280883789,-0.0005753993104766764
2016-06-08,46.21493148803711,-0.0011517909607412502
2016-06-09,45.84193801879883,-0.00807084328005181
2016-06-10,45.71761322021485,-0.0027120319069624532
2016-06-13,44.52760314941406,-0.026029575626984047
2016-06-14,44.25230407714844,-0.006182660929263339
2016-06-15,44.12798309326172,-0.0028093674776793476
2016-06-16,44.749629974365234,0.014087362202566567
2016-06-17,44.51873779296875,-0.005159644482619186
2016-06-20,44.4654541015625,-0.001196882347699102
2016-06-21,45.46006774902344,0.022368233217390898
2016-06-22,45.28247833251953,-0.003906492561435382
2016-06-23,46.09948348999024,0.018042412596573243
2016-06-24,44.25230407714844,-0.04006941668322361
2016-06-27,43.00902557373047,-0.028095226437260035
2016-06-28,43.90596008300781,0.0208545647643128
2016-06-29,44.88282775878906,0.022249090418120954
2016-06-30,45.44231796264648,0.012465573846288214
2016-07-01,45.433441162109375,-0.00019534215979910563
2016-07-05,45.44231796264648,0.00019538032581389864
2016-07-06,45.62881851196289,0.004104116111984357
2016-07-07,45.62881851196289,0.0
2016-07-08,46.445831298828125,0.0179056309917609
2016-07-11,46.70337677001953,0.005545071839373028
2016-07-12,47.25397491455078,0.01178925770705086
2016-07-13,47.520389556884766,0.0056379308368395
2016-07-14,47.72465515136719,0.004298483164535183
2016-07-15,47.68913269042969,-0.0007443209558002373
2016-07-18,47.920021057128906,0.004841530002191785
2016-07-19,47.14740753173828,-0.016122979672098525
2016-07-20,49.6517448425293,0.05311717954174178
2016-07-21,49.55405807495117,-0.0019674387655044256
2016-07-22,50.23786926269531,0.013799297460358684
2016-07-25,50.37996292114258,0.0028284172981989375
2016-07-26,50.40660858154297,0.00052889400577949
2016-07-27,49.900421142578125,-0.010042084821992758
2016-07-28,49.91816329956055,0.00035555124738784194
2016-07-29,50.3355598449707,0.00836161665054358
2016-08-01,50.24676132202149,-0.001764131028296978
2016-08-02,50.24676132202149,0.0
2016-08-03,50.59309387207031,0.006892634289984212
2016-08-04,50.96608352661133,0.007372343258630565
2016-08-05,51.472286224365234,0.009932148258745332
2016-08-08,51.56110382080078,0.0017255420916879594
2016-08-09,51.68540191650391,0.0024106950102373847
2016-08-10,51.52556991577149,-0.003092401235277764
2016-08-11,51.77423477172852,0.004826047656794952
2016-08-12,51.45452499389648,-0.006175074904373523
2016-08-15,51.614383697509766,0.0031067958285933006
2016-08-16,51.32841491699219,-0.005540486198450489
2016-08-17,51.4356575012207,0.0020893414379139497
2016-08-18,51.47139739990234,0.0006948467350842424
2016-08-19,51.48927688598633,0.0003473674115563874
2016-08-22,51.53395080566406,0.0008676354064294234
2016-08-23,51.73053741455078,0.003814700907136981
2016-08-24,51.78416442871094,0.0010366606812994839
2016-08-25,51.980751037597656,0.0037962688218586838
2016-08-26,51.85564422607422,-0.0024067911491495453
2016-08-29,51.91819381713867,0.001206225320270926
2016-08-30,51.73053741455078,-0.0036144632313064307
2016-08-31,51.346290588378906,-0.007427852973817983
2016-09-01,51.46246337890625,0.002262535213276573
2016-09-02,51.53395080566406,0.001389117855308708
2016-09-06,51.4803466796875,-0.0010401710937845143
2016-09-07,51.5250129699707,0.0008676377134970714
2016-09-08,51.31948852539063,-0.003988828585057336
2016-09-09,50.22928237915039,-0.021243511530728787
2016-09-12,50.97991943359375,0.014944212198320095
2016-09-13,50.515254974365234,-0.009114656601876048
2016-09-14,50.273963928222656,-0.004776597609277178
2016-09-15,51.10502624511719,0.016530670191056807
2016-09-16,51.15864562988281,0.0010491998283779225
2016-09-19,50.8726921081543,-0.005589544410485425
2016-09-20,50.76546478271485,-0.002107758032767082
2016-09-21,51.6143798828125,0.01672229543708803
2016-09-22,51.66800308227539,0.0010389197658606797
2016-09-23,51.31948852539063,-0.006745268562630358
2016-09-26,50.84587478637695,-0.009228730695150178
2016-09-27,51.78416442871094,0.018453604078523478
2016-09-28,51.85564422607422,0.001380340846508954
2016-09-29,51.29267883300781,-0.010856395701344557
2016-09-30,51.47139739990234,0.003484289979791777
2016-10-03,51.310546875,-0.003125046783801544
2016-10-04,51.14970016479492,-0.0031347689705378823
2016-10-05,51.507137298583984,0.0069880592190660895
2016-10-06,51.59650039672852,0.0017349653432785495
2016-10-07,51.65011978149414,0.0010392058444532726
2016-10-10,51.86458206176758,0.00415221264114618
2016-10-11,51.10502624511719,-0.014644980957251419
2016-10-12,51.03353118896485,-0.0013989828673489635
2016-10-13,50.863746643066406,-0.003326921377824532
2016-10-14,51.310546875,0.008784257185554756
2016-10-17,51.13182067871094,-0.0034832253245022926
2016-10-18,51.5250129699707,0.007689776855989594
2016-10-19,51.40884780883789,-0.0022545391924601033
2016-10-20,51.15864562988281,-0.004866908900301503
2016-10-21,53.31221389770508,0.04209588118111407
2016-10-24,54.5096435546875,0.02246070026804814
2016-10-25,54.50070571899414,-0.00016396797172946176
2016-10-26,54.17901611328125,-0.005902485141596525
2016-10-27,53.70540237426758,-0.008741645252903996
2016-10-28,53.49987411499024,-0.003826956883127508
2016-10-31,53.5445442199707,0.000834957197926256
2016-11-01,53.43732452392578,-0.002002439232733799
2016-11-02,53.10669708251953,-0.006187200507357327
2016-11-03,52.91010284423828,-0.0037018728160739256
2016-11-04,52.46329498291016,-0.008444660609401411
2016-11-07,53.99135208129883,0.02912621288629369
2016-11-08,54.03604507446289,0.0008277805878387223
2016-11-09,53.76795959472656,-0.004961234290313032
2016-11-10,52.45435333251953,-0.024431023087137294
2016-11-11,52.74031829833984,0.005451691759643218
2016-11-14,51.93607711791992,-0.01524907710777379
2016-11-15,52.961669921875,0.01974721351453801
2016-11-16,53.66337966918945,0.01324938863048608
2016-11-17,54.55400466918945,0.016596513404304902
2016-11-18,54.29312133789063,-0.004782111466991146
2016-11-21,54.75193786621094,0.008450730350625602
2016-11-22,54.98584365844727,0.0042721007027712865
2016-11-23,54.33810806274414,-0.011780042872973628
2016-11-25,54.455055236816406,0.002152212843649748
2016-11-28,54.52702713012695,0.0013216751502234114
2016-11-29,54.95884323120117,0.007919303945247202
2016-11-30,54.21215057373047,-0.013586396903033648
2016-12-01,53.25852584838867,-0.017590608659673657
2016-12-02,53.30352020263672,0.0008448291335763081
2016-12-05,54.17617034912109,0.016371341764426228
2016-12-06,53.933250427246094,-0.004483888770829947
2016-12-07,55.21075439453125,0.02368676015565696
2016-12-08,54.88687515258789,-0.005866234676471627
2016-12-09,55.75053787231445,0.01573532319567361
2016-12-12,55.930458068847656,0.00322723696308147
2016-12-13,56.65917205810547,0.013028929395872302
2016-12-14,56.389278411865234,-0.004763459055904473
2016-12-15,56.299312591552734,-0.001595441950070553
2016-12-16,56.04741668701172,-0.004474227001109221
2016-12-19,57.23493957519531,0.02118782556589771
2016-12-20,57.162967681884766,-0.0012574817732792232
2016-12-21,57.162967681884766,0.0
2016-12-22,57.17195892333984,0.00015729136921494025
2016-12-23,56.89307403564453,-0.004878001260534948
2016-12-27,56.92906188964844,0.0006325524611547895
2016-12-28,56.66816329956055,-0.004582871760536289
2016-12-29,56.58719253540039,-0.001428858100308017
2016-12-30,55.90346908569336,-0.012082653672547905
2017-01-03,56.299312591552734,0.007080839746324008
2017-01-04,56.04741668701172,-0.004474227001109221
2017-01-05,56.04741668701172,0.0
2017-01-06,56.53321838378906,0.008667691135351152
2017-01-09,56.353294372558594,-0.0031826245944289733
2017-01-10,56.335296630859375,-0.0003193733729253134
2017-01-11,56.848087310791016,0.009102475900530704
2017-01-12,56.32630920410156,-0.009178463715707297
2017-01-13,56.40727615356445,0.0014374623618511606
2017-01-17,56.25432968139648,-0.0027114670765450155
2017-01-18,56.22734832763672,-0.0004796315930271078
2017-01-19,56.04741668701172,-0.003200073380244417
2017-01-20,56.44325637817383,0.007062585834644475
2017-01-23,56.64117050170898,0.00350642638704457
2017-01-24,57.14496612548828,0.00889451293673571
2017-01-25,57.28891754150391,0.0025190568089501486
2017-01-26,57.819705963134766,0.009265115216155362
2017-01-27,59.17814636230469,0.023494419014099543
2017-01-30,58.5933952331543,-0.009881200495371778
2017-01-31,58.161563873291016,-0.007369966497844049
2017-02-01,57.19894790649414,-0.016550723582570814
2017-02-02,56.83009719848633,-0.006448557561072432
2017-02-03,57.28891754150391,0.008073544928404619
2017-02-06,57.252925872802734,-0.000628248363657824
2017-02-07,57.064002990722656,-0.0032997943633449323
2017-02-08,56.983028411865234,-0.0014190132940828937
2017-02-09,57.63077545166016,0.011367367755765967
2017-02-10,57.57679748535156,-0.0009366170398640294
2017-02-13,58.22454452514648,0.011250140127361474
2017-02-14,58.44175338745117,0.003730537766781339
2017-02-15,58.40555953979492,-0.000619314882910782
2017-02-16,58.39651107788086,-0.00015492466788025183
2017-02-17,58.48701095581055,0.0015497480287647303
2017-02-21,58.36935043334961,-0.0020117376582953206
2017-02-22,58.2516975402832,-0.0020156621958771215
2017-02-23,58.48701095581055,0.004039597564768238
2017-02-24,58.48701095581055,0.0
2017-02-27,58.1340446472168,-0.006034952082957901
2017-02-28,57.90776062011719,-0.0038924528384839396
2017-03-01,58.77666473388672,0.015004968323152124
2017-03-02,57.93491363525391,-0.014321178352733388
2017-03-03,58.15213394165039,0.0037493851766838837
2017-03-06,58.17023086547852,0.0003111996516980131
2017-03-07,58.287899017333984,0.00202282421961808
2017-03-08,58.8218879699707,0.009161231776048773
2017-03-09,58.58657455444336,-0.004000439694276325
2017-03-10,58.7675895690918,0.0030897012843824623
2017-03-13,58.56846618652344,-0.0033883197188860903
2017-03-14,58.29695510864258,-0.004635789453938832
2017-03-15,58.60466766357422,0.0052783640990885505
2017-03-16,58.505126953125,-0.001698511644509959
2017-03-17,58.71329498291016,0.0035581160254887223
2017-03-20,58.7675895690918,0.0009247409159618414
2017-03-21,58.11592483520508,-0.011088845716916262
2017-03-22,58.85810089111328,0.012770614216546239
2017-03-23,58.71329498291016,-0.0024602545106069407
2017-03-24,58.81285095214844,0.001695629060969095
2017-03-27,58.92145156860352,0.0018465456902172495
2017-03-28,59.09341430664063,0.00291850817417294
2017-03-29,59.25631713867188,0.0027567002845010347
2017-03-30,59.47355270385742,0.0036660321747159497
2017-03-31,59.60932922363281,0.0022829730796725123
2017-04-03,59.328739166259766,-0.004707150055662801
2017-04-04,59.49166870117188,0.0027462160363045385
2017-04-05,59.33781051635742,-0.0025862139720318478
2017-04-06,59.49166870117188,0.002592919817492101
2017-04-07,59.446407318115234,-0.000760802042450659
2017-04-10,59.310638427734375,-0.0022838872272687993
2017-04-11,59.265403747558594,-0.0007626739717343511
2017-04-12,59.03912734985352,-0.0038180183276721458
2017-04-13,58.78570175170898,-0.0042925024389808275
2017-04-17,59.265403747558594,0.0081601814991632
2017-04-18,59.18392562866211,-0.0013748007057126088
2017-04-19,58.86715698242188,-0.005352275011761276
2017-04-20,59.28349685668945,0.007072532386639407
2017-04-21,60.09807968139648,0.013740465186730999
2017-04-24,61.12083435058594,0.017018092335254087
2017-04-25,61.47381210327149,0.005775080730424875
2017-04-26,61.39236831665039,-0.001324853361692968
2017-04-27,61.79060363769531,0.006486723545032547
2017-04-28,61.96254348754883,0.0027826213005082145
2017-05-01,62.822391510009766,0.013876900044197171
2017-05-02,62.72285461425781,-0.001584417488087686
2017-05-03,62.523704528808594,-0.003175080067289393
2017-05-04,62.27936553955078,-0.003907941653476854
2017-05-05,62.45132064819336,0.0027610285871229046
2017-05-08,62.397010803222656,-0.0008696348517054364
2017-05-09,62.4875373840332,0.0014508159869395243
2017-05-10,62.73189163208008,0.003910447719280841
2017-05-11,61.96254348754883,-0.012264067358967012
2017-05-12,61.890174865722656,-0.0011679414328870097
2017-05-15,61.93542098999024,0.0007310711977426276
2017-05-16,63.18249130249024,0.020135009862959352
2017-05-17,61.4256706237793,-0.02780549868317239
2017-05-18,61.63501739501953,0.003408131634776046
2017-05-19,61.616825103759766,-0.0002951616147549574
2017-05-22,62.30864334106445,0.011227748851708963
2017-05-23,62.51799774169922,0.0033599576143683585
2017-05-24,62.59991455078125,0.0013102916286680255
2017-05-25,63.373653411865234,0.012360062575745623
2017-05-26,63.68316650390625,0.004883939545500038
2017-05-30,64.0927505493164,0.006431590448396252
2017-05-31,63.57389831542969,-0.008095334174923363
2017-06-01,63.81061553955078,0.00372349707023778
2017-06-02,65.32164764404297,0.023679948731345934
2017-06-05,65.79498291015625,0.00724622362088323
2017-06-06,66.0134506225586,0.003320431174830718
2017-06-07,65.89512634277344,-0.0017924268261886311
2017-06-08,65.49459075927734,-0.006078379475480289
2017-06-09,64.01085662841797,-0.022654300357609403
2017-06-12,63.51927947998047,-0.007679590218439003
2017-06-13,64.31124877929688,0.012468171959759244
2017-06-14,63.96533966064453,-0.0053786720864250626
2017-06-15,63.628543853759766,-0.005265285991938318
2017-06-16,63.71957015991211,0.0014305891764796463
2017-06-19,64.51152038574219,0.01242868123313734
2017-06-20,63.63761520385742,-0.013546498000036378
2017-06-21,63.96533966064453,0.0051498544648047595
2017-06-22,63.95623779296875,-0.0001422937441444283
2017-06-23,64.82101440429688,0.013521380262039084
2017-06-26,64.2020034790039,-0.009549540854638883
2017-06-27,63.000450134277344,-0.01871520014355177
2017-06-28,63.53753280639648,0.008525060868206591
2017-06-29,62.345062255859375,-0.018767970644542498
2017-06-30,62.74556350708008,0.006423945004290443
2017-07-03,62.053749084472656,-0.011025710567239666
2017-07-05,62.882118225097656,0.013349219875455898
2017-07-06,62.41786193847656,-0.007382961956834966
2017-07-07,63.228023529052734,0.012979643413206343
2017-07-10,63.70134735107422,0.007485981620222404
2017-07-11,63.71045684814453,0.0001430032087093025
2017-07-12,64.76637268066406,0.016573666000172294
2017-07-13,65.33075714111328,0.008714158861913734
2017-07-14,66.2501449584961,0.014072817423452566
2017-07-17,66.76898956298828,0.007831599535627065
2017-07-18,66.7234878540039,-0.0006814796701610781
2017-07-19,67.23323822021484,0.00763974400328582
2017-07-20,67.56094360351562,0.004874157365846621
2017-07-21,67.1695327758789,-0.005793448207794927
2017-07-24,66.99656677246094,-0.002575066347343724
2017-07-25,67.53364562988281,0.008016513133366043
2017-07-26,67.40618896484375,-0.0018873061545883196
2017-07-27,66.59605407714844,-0.012018701845283752
2017-07-28,66.48681640625,-0.0016403024535340816
2017-07-31,66.17732238769531,-0.004654968237065349
2017-08-01,66.06810760498047,-0.0016503354740619036
2017-08-02,65.77679443359375,-0.004409285840733856
2017-08-03,65.67664337158203,-0.0015225895830607294
2017-08-04,66.15909576416016,0.007345874694730137
2017-08-07,65.90425872802734,-0.0038518820910316
2017-08-08,66.25924682617188,0.00538642122672961
2017-08-09,65.96796417236328,-0.004396105717482168
2017-08-10,65.0030517578125,-0.014626984880564575
2017-08-11,65.99526977539062,0.015264175923230816
2017-08-14,66.98747253417969,0.015034452653439168
2017-08-15,67.0057601928711,0.00027300117469097884
2017-08-16,67.39927673339844,0.005872876292943197
2017-08-17,66.25537109375,-0.016972075889971627
2017-08-18,66.33772277832031,0.0012429435260996602
2017-08-21,66.02659606933594,-0.004690042044766307
2017-08-22,66.95086669921875,0.013998459483087977
2017-08-23,66.54820251464844,-0.006014323703669278
2017-08-24,66.52073669433594,-0.000412720693792612
2017-08-25,66.63970947265625,0.0017885066256406734
2017-08-28,66.64887237548828,0.00013749914134586483
2017-08-29,66.85018920898438,0.0030205587329656947
2017-08-30,67.72870635986328,0.013141580618904802
2017-08-31,68.42422485351562,0.010269183202124665
2017-09-01,67.6646499633789,-0.011100964486814968
2017-09-05,67.36266326904297,-0.004462990564487956
2017-09-06,67.17046356201172,-0.0028532082566808947
2017-09-07,68.03070831298828,0.01280689019188297
2017-09-08,67.70126342773438,-0.004842590844978845
2017-09-11,68.41505432128906,0.010543243322432172
2017-09-12,68.34183502197266,-0.0010702220445891752
2017-09-13,68.82688903808594,0.007097468424096753
2017-09-14,68.42422485351562,-0.005850390598759914
2017-09-15,68.91838073730469,0.007221943468807446
2017-09-18,68.7811050415039,-0.001991858983513173
2017-09-19,69.0373306274414,0.003725232180885829
2017-09-20,68.57978057861328,-0.006627574453845653
2017-09-21,67.91173553466797,-0.009741137086018092
2017-09-22,68.09479522705078,0.0026955531461769766
2017-09-25,67.04237365722656,-0.015455242450103435
2017-09-26,67.04237365722656,0.0
2017-09-27,67.58230590820312,0.008053596874972202
2017-09-28,67.6006088256836,0.0002708241045419335
2017-09-29,68.16797637939453,0.008392935560298964
2017-10-02,68.27780151367188,0.0016110957096056033
2017-10-03,67.95748138427734,-0.0046914241860934736
2017-10-04,68.35102081298828,0.005790965478629229
2017-10-05,69.52237701416016,0.01713736221111839
2017-10-06,69.54981994628906,0.00039473523932187504
2017-10-09,69.81521606445312,0.0038159138063766918
2017-10-10,69.81521606445312,0.0
2017-10-11,69.93416595458984,0.001703781737592891
2017-10-12,70.57479858398438,0.0091605100404073
2017-10-13,70.91337585449219,0.004797424538235173
2017-10-16,71.05979919433594,0.0020648197618484687
2017-10-17,71.00487518310547,-0.0007729266315580352
2017-10-18,71.02318572998047,0.000257877319378208
2017-10-19,71.29774475097656,0.003865766061803111
2017-10-20,72.12134552001953,0.01155156831284887
2017-10-23,72.13961029052734,0.0002532505512218286
2017-10-24,72.16710662841797,0.00038115451109166365
2017-10-25,71.95661163330078,-0.0029167719886707966
2017-10-26,72.07559204101562,0.001653502089859149
2017-10-27,76.69700622558594,0.06411899026705781
2017-10-30,76.77018737792969,0.0009541591770676483
2017-10-31,76.1204605102539,-0.00846327057243279
2017-11-01,76.1204605102539,0.0
2017-11-02,76.91664123535156,0.010459483820258964
2017-11-03,76.99897766113281,0.001070463094316798
2017-11-06,77.30097961425781,0.0039221553622970085
2017-11-07,77.1179428100586,-0.002367845855416051
2017-11-08,77.38333892822266,0.0034414315072917034
2017-11-09,76.95323944091797,-0.005558037340617106
2017-11-10,76.75189971923828,-0.0026163904618241585
2017-11-13,76.80679321289062,0.000715206970161697
2017-11-14,76.91664123535156,0.0014301862877736937
2017-11-15,76.31879425048828,-0.007772661094677447
2017-11-16,76.52114868164062,0.0026514364271557067
2017-11-17,75.78536987304688,-0.009615365441714596
2017-11-20,75.90494537353516,0.0015778177330081355
2017-11-21,76.99939727783203,0.014418716710893786
2017-11-22,76.43834686279297,-0.007286426061423046
2017-11-24,76.57633972167969,0.0018052831405996894
2017-11-27,77.13734436035156,0.007326083235511982
2017-11-28,78.06625366210938,0.012042277439813898
2017-11-29,76.64990997314453,-0.01814284178532688
2017-11-30,77.41328430175781,0.009959233205632412
2017-12-01,77.49605560302734,0.0010692131462461951
2017-12-04,74.5713119506836,-0.03774054859418541
2017-12-05,75.0403823852539,0.006290226392698051
2017-12-06,76.13484954833984,0.014585042457099906
2017-12-07,75.86813354492188,-0.0035032052338741515
2017-12-08,77.40406799316406,0.020244790223193698
2017-12-11,78.38819885253906,0.012714200750558957
2017-12-12,78.7100830078125,0.004106283343478179
2017-12-13,78.49854278564453,-0.0026875873342296908
2017-12-14,77.89151763916016,-0.007732947962384107
2017-12-15,79.8781509399414,0.025505130224635186
2017-12-18,79.44585418701172,-0.005411952428076683
2017-12-19,78.94001770019531,-0.0063670595777810535
2017-12-20,78.6549072265625,-0.00361173561824657
2017-12-21,78.63651275634766,-0.00023386297007332857
2017-12-22,78.64570617675781,0.00011691032686855785
2017-12-26,78.5445327758789,-0.0012864453229209927
2017-12-27,78.82962799072266,0.0036297270448759633
2017-12-28,78.83888244628906,0.00011739818900946553
2017-12-29,78.67330932617188,-0.0021001454482816317
2018-01-02,79.05036926269531,0.004792730085373398
2018-01-03,79.41824340820312,0.004653667641770554
2018-01-04,80.11727142333984,0.008801856917733275
2018-01-05,81.11056518554688,0.012397997891846035
2018-01-08,81.19334411621094,0.001020569027902818
2018-01-09,81.1381607055664,-0.0006796543638546426
2018-01-10,80.77027893066406,-0.0045340166908307555
2018-01-11,81.0093765258789,0.0029602175253113927
2018-01-12,82.4073715209961,0.017257199784405097
2018-01-16,81.25770568847656,-0.013951007189042741
2018-01-17,82.90404510498047,0.020260717461253464
2018-01-18,82.86724090576172,-0.00044393731538849845
2018-01-19,82.77526092529297,-0.0011099679374307891
2018-01-22,84.25602722167969,0.017888995816312203
2018-01-23,84.52275848388672,0.003165723224823447
2018-01-24,84.44915008544922,-0.0008708707543132466
2018-01-25,84.9182357788086,0.005554652626873491
2018-01-26,86.50933837890625,0.018736877721318823
2018-01-29,86.38060760498047,-0.0014880563918076017
2018-01-30,85.29531860351562,-0.012564035280092978
2018-01-31,87.38312530517578,0.02447738909757824
2018-02-01,86.69329833984375,-0.00789428122332414
2018-02-02,84.41238403320312,-0.026310157189997296
2018-02-05,80.93582153320312,-0.041185455662909765
2018-02-06,83.9985122680664,0.03784097914675333
2018-02-07,82.41657257080078,-0.01883294899577681
2018-02-08,78.18582153320312,-0.05133374157197801
2018-02-09,81.10137176513672,0.037290012111664605
2018-02-12,81.97509002685547,0.010773162558199045
2018-02-13,82.618896484375,0.007853684055834753
2018-02-14,83.9125747680664,0.015658382509817992
2018-02-15,85.6220703125,0.02037234048840264
2018-02-16,85.01220703125,-0.007122734582615697
2018-02-20,85.67748260498047,0.007825647597714092
2018-02-21,84.54093170166016,-0.013265456322525515
2018-02-22,84.7627182006836,0.0026234215138072337
2018-02-23,86.91571044921875,0.025400226588271346
2018-02-26,88.17243957519531,0.014459171069087784
2018-02-27,87.04508209228516,-0.012785826141837875
2018-02-28,86.64774322509766,-0.0045647480321316936
2018-03-01,85.797607421875,-0.009811401562001776
2018-03-02,85.9824447631836,0.002154341442177188
2018-03-05,86.52763366699219,0.006340700189558124
2018-03-06,86.23194122314453,-0.003417318044148132
2018-03-07,86.7309341430664,0.005786636747868279
2018-03-08,87.25760650634766,0.006072485768601199
2018-03-09,89.20735168457031,0.02234470158290236
2018-03-12,89.41987609863281,0.0023823643460907373
2018-03-13,87.2391357421875,-0.024387646814002406
2018-03-14,86.7216567993164,-0.005931729360551752
2018-03-15,87.02661895751953,0.003516562868590478
2018-03-16,87.41471099853516,0.00445946361773597
2018-03-19,85.83463287353516,-0.018075654623241566
2018-03-20,86.05635833740234,0.0025831701778682437
2018-03-21,85.45575714111328,-0.006979161190324601
2018-03-22,82.97005462646484,-0.029087595708078395
2018-03-23,80.55830383300781,-0.029067725751355078
2018-03-26,86.65699768066406,0.07570534082120761
2018-03-27,82.67436981201172,-0.04595852585764104
2018-03-28,82.60043334960938,-0.000894309355734646
2018-03-29,84.33763122558594,0.021031340944953847
2018-04-02,81.79652404785156,-0.03013017013647723
2018-04-03,82.89612579345703,0.013443135370424741
2018-04-04,85.31713104248047,0.029205288255033546
2018-04-05,85.36332702636719,0.0005414619938839405
2018-04-06,83.37665557861328,-0.023273125790191584
2018-04-09,83.87562561035156,0.005984529221945367
2018-04-10,85.82534790039062,0.023245397883487673
2018-04-11,84.88284301757812,-0.010981661081133964
2018-04-12,86.47216796875,0.018723747870258656
2018-04-13,86.01016235351562,-0.005342824472740593
2018-04-16,87.0173568725586,0.011710180419183924
2018-04-17,88.7730484008789,0.02017633712882838
2018-04-18,89.11493682861328,0.0038512638001400035
2018-04-19,88.81001281738281,-0.003421693624907185
2018-04-20,87.78431701660156,-0.011549326120359416
2018-04-23,88.10775756835938,0.003684491293548975
2018-04-24,86.0471420288086,-0.0233874473306398
2018-04-25,85.29866790771484,-0.008698419301865545
2018-04-26,87.10052490234375,0.021124093011374523
2018-04-27,88.54203033447266,0.01654990522439559
2018-04-30,86.41674041748047,-0.024003175768206098
2018-05-01,87.78431701660156,0.015825366618948067
2018-05-02,86.4074935913086,-0.01568416172825704
2018-05-03,86.92497253417969,0.00598882019791791
2018-05-04,87.93218231201172,0.011587116434647049
2018-05-07,88.91165924072266,0.011139003979628637
2018-05-08,88.53279113769531,-0.004261174589055616
2018-05-09,89.57699584960938,0.011794553164939936
2018-05-10,90.47330474853516,0.010006016504846782
2018-05-11,90.27925872802734,-0.002144787581786156
2018-05-14,90.58419036865234,0.003377648918713838
2018-05-15,89.9281005859375,-0.007242872956580437
2018-05-16,90.16014862060548,0.0025803729107591877
2018-05-17,89.2599105834961,-0.009984877475053833
2018-05-18,89.42696380615234,0.001871536970676102
2018-05-21,90.5777587890625,0.012868545838195855
2018-05-22,90.48495483398438,-0.0010245777365086584
2018-05-23,91.56149291992188,0.011897426350188978
2018-05-24,91.23668670654295,-0.0035474106310497966
2018-05-25,91.28305053710938,0.0005081709150129843
2018-05-29,90.95825958251952,-0.0035580642044583666
2018-05-30,91.83061981201172,0.009590775301728138
2018-05-31,91.7285385131836,-0.0011116259373735726
2018-06-01,93.53821563720705,0.01972861612488641
2018-06-04,94.35492706298828,0.008731312867340746
2018-06-05,94.83751678466795,0.005114621320808421
2018-06-06,95.11593627929688,0.0029357526859448146
2018-06-07,93.62175750732422,-0.015709026588196284
2018-06-08,94.31778717041016,0.0074344861880155655
2018-06-11,93.7795181274414,-0.005706972768521612
2018-06-12,94.02082061767578,0.0025730830681647276
2018-06-13,93.59392547607422,-0.004540431989393912
2018-06-14,94.12291717529295,0.0056519875251301865
2018-06-15,92.92572021484376,-0.012719505476222692
2018-06-18,93.60319519042967,0.007290500133005029
2018-06-19,93.60319519042967,0.0
2018-06-20,94.54052734375,0.010013890566592076
2018-06-21,93.863037109375,-0.007166135554878439
2018-06-22,93.18557739257812,-0.0072175345872034224
2018-06-25,91.31090545654295,-0.020117618932996795
2018-06-26,91.95126342773438,0.007012940765286579
2018-06-27,90.52204895019533,-0.015543173897357931
2018-06-28,91.53365325927734,0.011175225492725982
2018-06-29,91.5150909423828,-0.00020279226528807648
2018-07-02,92.81434631347656,0.014197170736701459
2018-07-03,91.92341613769533,-0.009599056731727229
2018-07-05,92.58234405517578,0.007168227043405695
2018-07-06,93.881591796875,0.014033428889258959
2018-07-09,94.52195739746094,0.00682099214904075
2018-07-10,94.7725601196289,0.0026512646274789997
2018-07-11,94.6426239013672,-0.0013710320592552616
2018-07-12,96.693603515625,0.021670781406010642
2018-07-13,97.8443832397461,0.011901301454083635
2018-07-16,97.36177825927734,-0.004932372860752099
2018-07-17,98.32698059082033,0.009913565146402847
2018-07-18,97.55669403076172,-0.007833928749059194
2018-07-19,96.88848876953124,-0.006849404521844349
2018-07-20,98.62394714355467,0.01791191498663558
2018-07-23,100.20162963867188,0.01599695145866309
2018-07-24,99.9139404296875,-0.002871103095047345
2018-07-25,102.85586547851562,0.029444590376239255
2018-07-26,101.73292541503906,-0.010917608424685477
2018-07-27,99.9324951171875,-0.01769761648459789
2018-07-30,97.7886962890625,-0.021452469745812275
2018-07-31,98.44761657714844,0.006738205059388269
2018-08-01,98.63323974609376,0.0018855019085186608
2018-08-02,99.83039855957033,0.012137478364883325
2018-08-03,100.2666244506836,0.004369669934283227
2018-08-06,100.35010528564452,0.0008325884651874116
2018-08-07,101.04615020751952,0.006936165337283029
2018-08-08,101.61227416992188,0.005602627722478326
2018-08-09,101.7793197631836,0.001643950936304872
2018-08-10,101.1575164794922,-0.006109328350181409
2018-08-13,100.42437744140624,-0.007247499381171529
2018-08-14,101.67723083496094,0.0124755903444429
2018-08-15,100.29844665527344,-0.013560402544061212
2018-08-16,100.2798080444336,-0.00018583150050077712
2018-08-17,100.22390747070312,-0.0005574459586689118
2018-08-20,99.5624542236328,-0.006599755125928253
2018-08-21,98.73329162597656,-0.008328065073544777
2018-08-22,99.73946380615234,0.010190809640859388
2018-08-23,100.2052764892578,0.0046702946389483024
2018-08-24,100.9878387451172,0.007809591303740371
2018-08-27,102.10578155517578,0.011070073624212862
2018-08-28,102.72064971923828,0.006021874126003635
2018-08-29,104.3603057861328,0.01596228286499457
2018-08-30,104.29509735107422,-0.000624839440315661
2018-08-31,104.64911651611328,0.003394398912610175
2018-09-04,104.07149505615234,-0.005519601877116642
2018-09-05,101.07167053222656,-0.028824650998885093
2018-09-06,101.3045883178711,0.0023044814082722187
2018-09-07,100.81082916259766,-0.0048740058419084464
2018-09-10,101.90084838867188,0.01081252118575593
2018-09-11,103.6336441040039,0.017004723147375334
2018-09-12,104.07149505615234,0.004224988476802194
2018-09-13,105.189453125,0.010742212055707023
2018-09-14,105.61803436279295,0.004074374617041299
2018-09-17,104.4721221923828,-0.010849588115548592
2018-09-18,105.4689483642578,0.009541551860498876
2018-09-19,104.06218719482422,-0.013338154890622955
2018-09-20,105.80431365966795,0.016741205540703685
2018-09-21,106.44715881347656,0.006075793430090126
2018-09-24,106.82909393310548,0.0035880254943974066
2018-09-25,106.6241455078125,-0.0019184701259501447
2018-09-26,106.18629455566406,-0.004106489670450464
2018-09-27,106.58689880371094,0.0037726549337011583
2018-09-28,106.54963684082033,-0.0003495923355386621
2018-10-01,107.7048568725586,0.010842083239233524
2018-10-02,107.27627563476562,-0.003979219231497466
2018-10-03,107.29492950439452,0.00017388625321412832
2018-10-04,105.07765197753906,-0.0206652591795089
2018-10-05,104.4627914428711,-0.005851487191580906
2018-10-08,103.2703094482422,-0.011415375543367912
2018-10-09,104.58389282226562,0.012719855116554823
2018-10-10,98.9010009765625,-0.05433811739405103
2018-10-11,98.6680908203125,-0.0023549828004794104
2018-10-12,102.07785034179688,0.03455787472055172
2018-10-15,100.24254608154295,-0.01797945640615073
2018-10-16,103.41007232666016,0.031598621233548396
2018-10-17,103.13987731933594,-0.0026128499985059728
2018-10-18,101.08099365234376,-0.01996205270457685
2018-10-19,101.23005676269533,0.0014746898003816789
2018-10-22,102.13372802734376,0.008926906627809483
2018-10-23,100.70833587646484,-0.013956135533379377
2018-10-24,95.32357025146484,-0.05346891673004395
2018-10-25,100.89466094970705,0.058443999564279814
2018-10-26,99.6462860107422,-0.01237305252046117
2018-10-29,96.74895477294922,-0.029076158819212217
2018-10-30,96.63717651367188,-0.0011553433268572944
2018-10-31,99.5065689086914,0.02969242788890436
2018-11-01,98.67740631103516,-0.008332742317917696
2018-11-02,98.9010009765625,0.002265915510816674
2018-11-05,100.15869903564452,0.012716737410777723
2018-11-06,100.3543472290039,0.001953381935300147
2018-11-07,104.3044204711914,0.03936125689875314
2018-11-08,104.10877227783205,-0.001875742106379863
2018-11-09,102.07785034179688,-0.019507692691018486
2018-11-12,99.5624542236328,-0.024641938576699496
2018-11-13,99.62769317626952,0.000655256573830254
2018-11-14,98.21483612060548,-0.014181368760233126
2018-11-15,100.37619018554688,0.022006390788936514
2018-11-16,101.32121276855467,0.009414808245470363
2018-11-19,97.88739013671876,-0.03389046121743233
2018-11-20,95.16464233398438,-0.02781510262896525
2018-11-21,96.47454833984376,0.013764629107333892
2018-11-23,96.4371109008789,-0.0003880550840515973
2018-11-26,99.61830139160156,0.03298720234363284
2018-11-27,100.24520111083984,0.0062930175528082
2018-11-28,103.96910095214844,0.0371479113218709
2018-11-29,103.0988998413086,-0.008369805094692095
2018-11-30,103.7538833618164,0.006352963237395981
2018-12-03,104.87665557861328,0.010821495836271344
2018-12-04,101.536376953125,-0.03184959138008059
2018-12-06,102.16329193115234,0.0061742894205960575
2018-12-07,98.07450103759766,-0.040022113777521184
2018-12-10,100.6662368774414,0.026426194499324485
2018-12-11,101.6019058227539,0.009294764305649572
2018-12-12,102.06035614013672,0.0045122216327573295
2018-12-13,102.4065399169922,0.003391951487805356
2018-12-14,99.20664978027344,-0.031246931488091545
2018-12-17,96.26871490478516,-0.029614293819974047
2018-12-18,97.27920532226562,0.010496560782803588
2018-12-19,97.0172119140625,-0.002693210818645153
2018-12-20,94.97750854492188,-0.02102413921096169
2018-12-21,91.90861511230467,-0.032311791282308655
2018-12-24,88.07244110107422,-0.04173900353675186
2018-12-26,94.08866119384766,0.06830990509129942
2018-12-27,94.6687469482422,0.006165309900620475
2018-12-28,93.92958068847656,-0.007807922715716953
2018-12-31,95.03366088867188,0.01175433970962847
2019-01-02,94.61258697509766,-0.004430787045734186
2019-01-03,91.13201904296876,-0.03678757809513222
2019-01-04,95.37047576904295,0.04650897423962208
2019-01-07,95.49210357666016,0.0012753192918084633
2019-01-08,96.1844711303711,0.0072505215382034915
2019-01-09,97.55990600585938,0.014299968168707489
2019-01-10,96.9330062866211,-0.006425792570983302
2019-01-11,96.1844711303711,-0.007722190664722128
2019-01-14,95.48275756835938,-0.007295497430771292
2019-01-15,98.25227355957033,0.029005404344634167
2019-01-16,98.59845733642578,0.0035234174672360563
2019-01-17,99.29083251953124,0.007022170547182238
2019-01-18,100.77851104736328,0.014983040126482994
2019-01-22,98.87914276123048,-0.018846957217299454
2019-01-23,99.84285736083984,0.009746389103883146
2019-01-24,99.36568450927734,-0.004779238737508851
2019-01-25,100.27326965332033,0.00913378847562063
2019-01-28,98.3177719116211,-0.019501685229374344
2019-01-29,96.31549072265624,-0.020365404443509205
2019-01-30,99.53410339355467,0.033417393679346485
2019-01-31,97.70960998535156,-0.01833033448836252
2019-02-01,96.16577911376952,-0.01580019479981032
2019-02-04,98.9352798461914,0.02879923355214964
2019-02-05,100.32006072998048,0.013996835971373578
2019-02-06,99.20664978027344,-0.01109858727761226
2019-02-07,98.49553680419922,-0.007167997081336974
2019-02-08,98.86981201171876,0.003799920480291208
2019-02-11,98.47682189941406,-0.003974824107667141
2019-02-12,100.01129150390624,0.01558203823900306
2019-02-13,99.93644714355467,-0.0007483591025183589
2019-02-14,100.02066040039062,0.0008426681080124787
2019-02-15,101.2557144165039,0.012347989017161609
2019-02-19,101.20890045166016,-0.00046233405308060416
2019-02-20,100.68270874023438,-0.005199065586895757
2019-02-21,102.80631256103516,0.0210920410006028
2019-02-22,104.27214813232422,0.014258225344079056
2019-02-25,104.85472106933594,0.0055870426326349865
2019-02-26,105.57823181152344,0.006900125571924098
2019-02-27,105.39971923828124,-0.001690808514020925
2019-02-28,105.2681884765625,-0.0012479232645903338
2019-03-01,105.7379913330078,0.004462913851223993
2019-03-04,105.48428344726562,-0.0023994014123377427
2019-03-05,104.95808410644533,-0.004988414611389547
2019-03-06,105.00505828857422,0.000447551825367265
2019-03-07,103.72716522216795,-0.01216982388500154
2019-03-08,103.83993530273438,0.0010871798176002034
2019-03-11,106.01986694335938,0.020993191437086667
2019-03-12,106.76219940185548,0.00700182409107053
2019-03-13,107.58907318115234,0.007745005104142555
2019-03-14,107.67365264892578,0.0007861343654389508
2019-03-15,108.91397857666016,0.011519307622808173
2019-03-18,110.47378540039062,0.014321456658867637
2019-03-19,110.54898071289062,0.0006806620432844301
2019-03-20,110.42681121826172,-0.0011051164274973324
2019-03-21,112.96382904052734,0.022974654382178494
2019-03-22,109.98517608642578,-0.026368201037457073
2019-03-25,110.55836486816406,0.005211509424577931
2019-03-26,110.79327392578124,0.002124751554505089
2019-03-27,109.72206115722656,-0.009668572202968462
2019-03-28,109.8724136352539,0.0013703030770804148
2019-03-29,110.82144927978516,0.008637615331558823
2019-04-01,111.83626556396484,0.009157219029121588
2019-04-02,111.99601745605467,0.0014284444431709176
2019-04-03,112.72893524169922,0.006544141499782663
2019-04-04,112.15574645996094,-0.005084664203643174
2019-04-05,112.6537857055664,0.0044406039041724465
2019-04-08,112.69133758544922,0.000333338818998552
2019-04-09,112.08055877685548,-0.0054199268699832714
2019-04-10,112.93566131591795,0.007629356494955664
2019-04-11,113.06720733642578,0.0011647872689197758
2019-04-12,113.64976501464844,0.005152313318301793
2019-04-15,113.74375915527344,0.0008270509016263805
2019-04-16,113.48065185546876,-0.002313158117497216
2019-04-17,114.42029571533205,0.008280212040551405
2019-04-18,115.9237060546875,0.013139367714061878
2019-04-22,116.29017639160156,0.0031613062537974024
2019-04-23,117.86875915527344,0.013574515171050017
2019-04-24,117.4647445678711,-0.003427664720472068
2019-04-25,121.35485076904295,0.03311722351657753
2019-04-26,122.05017852783205,0.005729707171841181
2019-04-29,121.93743133544922,-0.000923777365529288
2019-04-30,122.71733856201172,0.006395962404825317
2019-05-01,120.16150665283205,-0.020826982878936473
2019-05-02,118.59229278564452,-0.013059205987831612
2019-05-03,121.11992645263672,0.02131364195446417
2019-05-06,120.41520690917967,-0.0058183617188095615
2019-05-07,117.94395446777344,-0.020522760412396424
2019-05-08,117.9345474243164,-7.975858957320892e-05
2019-05-09,117.92516326904295,-7.957087620547032e-05
2019-05-10,119.45679473876952,0.012988164928228185
2019-05-13,115.90492248535156,-0.02973353053030814
2019-05-14,117.20162963867188,0.01118767974228363
2019-05-15,118.85210418701172,0.014082351528969195
2019-05-16,121.59656524658205,0.02309139647415881
2019-05-17,120.78546905517578,-0.006670387356431218
2019-05-20,119.04071807861328,-0.014445040369595152
2019-05-21,119.68205261230467,0.005387522387657828
2019-05-22,120.40825653076172,0.006067776267252745
2019-05-23,119.0029754638672,-0.011670969312104429
2019-05-24,119.0595703125,0.000475575072070189
2019-05-28,118.98413848876952,-0.0006335637154787355
2019-05-29,117.83351135253906,-0.009670424569566127
2019-05-30,118.5785903930664,0.006323150621372786
2019-05-31,116.64521026611328,-0.016304630714063295
2019-06-03,113.02360534667967,-0.031048037987769228
2019-06-04,116.15476989746094,0.027703633600936417
2019-06-05,118.67288970947266,0.02167900478159157
2019-06-06,120.54972076416016,0.01581516266505556
2019-06-07,123.92607879638672,0.028008012053648557
2019-06-10,125.05782318115234,0.009132415031263053
2019-06-11,124.58624267578124,-0.003770899679646611
2019-06-12,124.01095581054688,-0.004617579380184589
2019-06-13,124.79375457763672,0.006312335567235872
2019-06-14,124.91638946533205,0.0009827005214353424
2019-06-17,125.29364776611328,0.003020086494622376
2019-06-18,127.47222900390624,0.017387802786775985
2019-06-19,127.9720458984375,0.003920986543005656
2019-06-20,129.1603546142578,0.009285689757303706
2019-06-21,129.17922973632812,0.00014613711867461632
2019-06-24,129.9431915283203,0.005913967698611744
2019-06-25,125.84063720703124,-0.03157190671582777
2019-06-26,126.3121566772461,0.0037469571092454412
2019-06-27,126.51964569091795,0.0016426686007906532
2019-06-28,126.3404769897461,-0.0014161334407271076
2019-07-01,127.962646484375,0.012839665745132178
2019-07-02,128.8114471435547,0.006633190876396355
2019-07-03,129.64137268066406,0.006442948631610879
2019-07-05,129.26414489746094,-0.0029097793042682785
2019-07-08,129.16981506347656,-0.0007297447722970363
2019-07-09,128.69830322265625,-0.0036503252759834126
2019-07-10,130.00926208496094,0.010186294842105648
2019-07-11,130.5279541015625,0.003989654339108473
2019-07-12,130.99949645996094,0.003612577563512076
2019-07-15,130.99949645996094,0.0
2019-07-16,129.28302001953125,-0.013102923956309409
2019-07-17,128.51910400390625,-0.005908865800857588
2019-07-18,128.66058349609375,0.0011008440595976499
2019-07-19,128.84918212890625,0.0014658617867859824
2019-07-22,130.55624389648438,0.013248526217809475
2019-07-23,131.3672637939453,0.00621203454737862
2019-07-24,132.71595764160156,0.010266590082683935
2019-07-25,132.2161102294922,-0.003766294731935793
2019-07-26,133.30072021484375,0.008203311861685991
2019-07-29,133.0083770751953,-0.002193109978530172
2019-07-30,132.36700439453125,-0.004822047263244644
2019-07-31,128.51910400390625,-0.029069936335160973
2019-08-01,130.207275390625,0.013135567663679293
2019-08-02,129.11325073242188,-0.008402177642693354
2019-08-05,124.6900405883789,-0.03425837486819816
2019-08-06,127.02893829345705,0.018757694632558497
2019-08-07,127.58538818359376,0.004380497055334276
2019-08-08,130.99005126953125,0.02668536839844249
2019-08-09,129.87721252441406,-0.00849559744676609
2019-08-12,128.06637573242188,-0.013942682914077742
2019-08-13,130.71653747558594,0.02069365770685372
2019-08-14,126.78006744384766,-0.030114552510033366
2019-08-15,126.4962158203125,-0.002238929425249614
2019-08-16,128.81454467773438,0.0183272585854668
2019-08-19,130.97207641601562,0.016749131425173536
2019-08-20,129.8838348388672,-0.008308958725612436
2019-08-21,131.3316192626953,0.01114676376489987
2019-08-22,130.37591552734375,-0.007277026969719436
2019-08-23,126.22183227539062,-0.03186235153287875
2019-08-26,128.1710968017578,0.015443164555829725
2019-08-27,128.44552612304688,0.0021411170547562808
2019-08-28,128.27520751953125,-0.00132599872223238
2019-08-29,130.69761657714844,0.018884468046939995
2019-08-30,130.4515838623047,-0.001882457548095573
2019-09-03,128.7293701171875,-0.013201938176044203
2019-09-04,130.23399353027344,0.011688268277209923
2019-09-05,132.52392578125,0.01758321455791223
2019-09-06,131.62493896484375,-0.006783581237173375
2019-09-09,130.12986755371094,-0.0113585724931059
2019-09-10,128.76727294921875,-0.01047103658911952
2019-09-11,128.8051300048828,0.0002939959416472515
2019-09-12,130.12986755371094,0.010284819779910137
2019-09-13,129.94061279296875,-0.0014543529806028133
2019-09-16,129.0038299560547,-0.007209315215456313
2019-09-17,130.00685119628906,0.007775127611141963
2019-09-18,131.07615661621094,0.008224992837549738
2019-09-19,133.48910522460938,0.018408753130163324
2019-09-20,131.94668579101562,-0.011554646583318284
2019-09-23,131.66281127929688,-0.0021514334370502652
2019-09-24,129.99740600585938,-0.012649018027608983
2019-09-25,131.87098693847656,0.014412448603264849
2019-09-26,132.04132080078125,0.001291670489917296
2019-09-27,130.32859802246094,-0.012971112133181362
2019-09-30,131.55874633789062,0.009438821057659919
2019-10-01,129.70408630371094,-0.014097580630756723
2019-10-02,127.41409301757812,-0.01765552151356775
2019-10-03,128.9564666748047,0.012105204539766046
2019-10-04,130.69761657714844,0.013501842499566097
2019-10-07,129.7513885498047,-0.007239826189066045
2019-10-08,128.3792266845703,-0.010575315459592782
2019-10-09,130.81121826171875,0.018943809212403684
2019-10-10,131.62493896484375,0.006220572776082234
2019-10-11,132.17381286621094,0.004169984090277801
2019-10-14,132.05078125,-0.0009308320123553315
2019-10-15,133.96224975585938,0.014475253290933354
2019-10-16,132.8645782470703,-0.008193886791163396
2019-10-17,132.1833038330078,-0.005127584966970078
2019-10-18,130.0258026123047,-0.0163220403647103
2019-10-21,130.99098205566406,0.00742298393063745
2019-10-22,129.04164123535156,-0.014881488708009982
2019-10-23,129.8649139404297,0.006379899520780219
2019-10-24,132.41983032226562,0.019673646286077817
2019-10-25,133.16734313964844,0.005645021712862963
2019-10-28,136.44142150878906,0.024586195774043418
2019-10-29,135.15451049804688,-0.009431967187906287
2019-10-30,136.83889770507812,0.012462678462037635
2019-10-31,135.66549682617188,-0.008575053574570779
2019-11-01,135.99668884277344,0.002441239846163068
2019-11-04,136.78207397460938,0.005775031278474119
2019-11-05,136.69686889648438,-0.0006229257654100095
2019-11-06,136.31845092773438,-0.00276830019447305
2019-11-07,136.5076904296875,0.0013882163468350583
2019-11-08,138.11631774902344,0.011784151605469528
2019-11-11,138.25823974609375,0.0010275541614728212
2019-11-12,139.16668701171875,0.006570655516035195
2019-11-13,139.39378356933594,0.0016318313131795659
2019-11-14,140.1034698486328,0.0050912333471733184
2019-11-15,141.9108428955078,0.012900273268233065
2019-11-18,142.26097106933594,0.002467240463689846
2019-11-19,142.3082275390625,0.0003321815489614188
2019-11-20,142.0614013671875,-0.0017344476573376566
2019-11-21,141.928466796875,-0.0009357543219562503
2019-11-22,142.0329132080078,0.0007359088242833156
2019-11-25,143.5900421142578,0.01096315544812887
2019-11-26,144.3496551513672,0.005290151224448758
2019-11-27,144.62501525878906,0.0019075910304955368
2019-11-29,143.7324981689453,-0.006171249754039376
2019-12-02,141.9949188232422,-0.012088980347789935
2019-12-03,141.76705932617188,-0.0016047017665044017
2019-12-04,142.27976989746094,0.0036165705469664022
2019-12-05,142.35572814941406,0.0005338654399558163
2019-12-06,144.08380126953125,0.012139118970354579
2019-12-09,143.71351623535156,-0.0025699282703335324
2019-12-10,143.49510192871094,-0.0015197895950367357
2019-12-11,144.0363311767578,0.003771761131719842
2019-12-12,145.49850463867188,0.010151421172479802
2019-12-13,146.7233428955078,0.008418218866768967
2019-12-16,147.6728515625,0.006471421985446479
2019-12-17,146.8752899169922,-0.005400868453943719
2019-12-18,146.5714111328125,-0.002068957850918429
2019-12-19,147.84373474121094,0.008680571460457198
2019-12-20,149.45782470703125,0.010917540527812353
2019-12-23,149.45782470703125,0.0
2019-12-24,149.4293975830078,-0.00019020164437133502
2019-12-26,150.6542205810547,0.008196666906633787
2019-12-27,150.92953491210938,0.0018274584674284888
2019-12-30,149.62876892089844,-0.008618366126738608
2019-12-31,149.73321533203125,0.0006980369609805859
2020-01-02,152.5056610107422,0.01851590291815408
2020-01-03,150.60671997070312,-0.012451610172722116
2020-01-06,150.99598693847656,0.002584658691519026
2020-01-07,149.61929321289062,-0.009117419300334606
2020-01-08,152.00245666503906,0.015928182796302037
2020-01-09,153.90142822265625,0.012493032015935546
2020-01-10,153.1893310546875,-0.004626969198352926
2020-01-13,155.03128051757812,0.012024006177251634
2020-01-14,153.939453125,-0.007042626423087062
2020-01-15,154.9363555908203,0.006475938725148067
2020-01-16,157.7753448486328,0.018323583557819934
2020-01-17,158.65835571289062,0.005596634031159731
2020-01-21,158.08865356445312,-0.0035907478422909644
2020-01-22,157.32908630371094,-0.004804691820798568
2020-01-23,158.2975616455078,0.006155729779853347
2020-01-24,156.702392578125,-0.010077028671831578
2020-01-27,154.08181762695312,-0.016723260621980374
2020-01-28,157.10121154785156,0.01959604298158446
2020-01-29,159.5508270263672,0.015592594445202668
2020-01-30,164.05140686035156,0.028207812631648732
2020-01-31,161.6302032470703,-0.014758810421798385
2020-02-03,165.57058715820312,0.024379007338804604
2020-02-04,171.02059936523438,0.032916548165790704
2020-02-05,170.81166076660156,-0.0012217159769543073
2020-02-06,174.35328674316406,0.020734099537863537
2020-02-07,174.60012817382812,0.0014157543873989376
2020-02-10,179.16712951660156,0.02615691861478253
2020-02-11,175.12234497070312,-0.022575483331185753
2020-02-12,175.37867736816406,0.001463733240345988
2020-02-13,174.42921447753906,-0.005413787496138078
2020-02-14,175.98638916015625,0.008927258471474131
2020-02-18,177.77137756347656,0.010142763948045364
2020-02-19,178.30458068847656,0.002999375559260775
2020-02-20,175.58163452148438,-0.01527131920267133
2020-02-21,170.03102111816406,-0.03161272201644261
2020-02-24,162.70004272460938,-0.043115534714456505
2020-02-25,160.0151824951172,-0.016501902424430615
2020-02-26,162.01458740234375,0.012495095003173029
2020-02-27,150.59915161132812,-0.07045930847366699
2020-02-28,154.24562072753906,0.02421307874045575
2020-03-02,164.50897216796875,0.06653901350339764
2020-03-03,156.62579345703125,-0.0479194454080506
2020-03-04,162.3763427734375,0.03671521267015221
2020-03-05,158.30145263671875,-0.025095343737384312
2020-03-06,153.8267059326172,-0.028267249791892435
2020-03-09,143.4014892578125,-0.06777247560232735
2020-03-10,153.20785522460938,0.06838398971691739
2020-03-11,146.26719665527344,-0.045302237011024205
2020-03-12,132.39549255371094,-0.09483810737315024
2020-03-13,151.21803283691406,0.14216904155983334
2020-03-16,128.9299774169922,-0.14739019547992094
2020-03-17,139.5456085205078,0.08233640706522416
2020-03-18,133.6712646484375,-0.04209622885557884
2020-03-19,135.87057495117188,0.01645312706899782
2020-03-20,130.76747131347656,-0.03755856365169008
2020-03-23,129.4630889892578,-0.009974822569535524
2020-03-24,141.23074340820312,0.09089582606762714
2020-03-25,139.8788604736328,-0.009572157604969433
2020-03-26,148.62838745117188,0.06255074532286709
2020-03-27,142.52554321289062,-0.04106109433694949
2020-03-30,152.55091857910156,0.07034090269163906
2020-03-31,150.15174865722656,-0.015727010654681628
2020-04-01,144.820068359375,-0.03550861275697148
2020-04-02,147.81907653808594,0.020708512381507838
2020-04-03,146.45765686035156,-0.009210040473927594
2020-04-06,157.34938049316406,0.07436773103094119
2020-04-07,155.65469360351562,-0.010770216472012484
2020-04-08,157.21612548828125,0.010031383240796554
2020-04-09,157.2256317138672,6.046597037312473e-05
2020-04-13,157.577880859375,0.0022404053440145955
2020-04-14,165.3753662109375,0.049483374881282405
2020-04-15,163.6426239013672,-0.0104776324870548
2020-04-16,168.55532836914062,0.03002093434247599
2020-04-17,170.04055786132812,0.008811525014117638
2020-04-20,166.6702117919922,-0.019820836344729753
2020-04-21,159.7771759033203,-0.04135733563040367
2020-04-22,165.20404052734375,0.0339652055641988
2020-04-23,163.20465087890625,-0.012102546899308897
2020-04-24,166.1846466064453,0.01825925738936296
2020-04-27,165.70863342285156,-0.0028643631846511086
2020-04-28,161.67181396484375,-0.024360948338200017
2020-04-29,168.92660522460938,0.044873568755424476
2020-04-30,170.62132263183594,0.010032270553079758
2020-05-01,166.20370483398438,-0.025891358299828804
2020-05-04,170.26907348632812,0.024460156627702734
2020-05-05,172.09701538085938,0.01073560721922906
2020-05-06,173.7917022705078,0.009847276467276345
2020-05-07,174.80091857910156,0.0058070454193659415
2020-05-08,175.8291473388672,0.005882284647722447
2020-05-11,177.7904510498047,0.011154599454193947
2020-05-12,173.76315307617188,-0.022651936309586396
2020-05-13,171.1354522705078,-0.015122313097715057
2020-05-14,171.8780517578125,0.004339249859993233
2020-05-15,174.38198852539062,0.014568100708439058
2020-05-18,176.04815673828125,0.00955470359628352
2020-05-19,174.82949829101562,-0.006922301657933949
2020-05-20,177.25450134277344,0.013870674431160523
2020-05-21,175.1254425048828,-0.012011310413908571
2020-05-22,175.20184326171875,0.0004362630337610973
2020-05-26,173.34967041015625,-0.010571651628092149
2020-05-27,173.57879638671875,0.0013217560553786534
2020-05-28,173.1873321533203,-0.002255253761100473
2020-05-29,174.95361328125,0.010198673921288925
